{"cameraMode":{"drawMode":0,"name":"Shaded","section":"Shading Mode"},"sceneLighting":false,"audioPlay":false,"sceneViewState":{"showFog":true,"showMaterialUpdate":true,"showSkybox":false,"showFlares":true,"showImageEffects":true,"showParticleSystems":true},"in2DMode":false,"pivot":{"x":974.688232421875,"y":198.7173309326172,"z":2469.502685546875},"rotation":{"x":0.03330343961715698,"y":0.002993636531755328,"z":-0.00009985839278670028,"w":0.9994402527809143},"size":2882.803466796875,"orthographic":false}