{"cameraMode":{"drawMode":0,"name":"Shaded","section":"Shading Mode"},"sceneLighting":true,"audioPlay":false,"sceneViewState":{"showFog":true,"showMaterialUpdate":true,"showSkybox":true,"showFlares":true,"showImageEffects":true,"showParticleSystems":true},"in2DMode":false,"pivot":{"x":211.02914428710938,"y":103.51725006103516,"z":429.3916931152344},"rotation":{"x":-0.014419942162930966,"y":0.9095795154571533,"z":-0.0316748283803463,"w":-0.41407281160354617},"size":10.0,"orthographic":false}